Start Date,End Date,Count,Threshold
Start Date,End Date,Count,Threshold
Start Date,End Date,Count,Threshold
Start Date,End Date,Count,Threshold
Start Date,End Date,Count,Threshold
Start Date,End Date,Count,Threshold
Start Date,End Date,Count,Threshold
Start Date,End Date,Count,Threshold
Start Date,End Date,Count,Threshold
Start Date,End Date,Count,Threshold
Start Date,End Date,Count,Threshold
Start Date,End Date,Count,Threshold
Start Date,End Date,Count,Threshold
Start Date,End Date,Count,Threshold
Start Date,End Date,Count,Threshold
Start Date,End Date,Count,Threshold
Start Date,End Date,Count,Threshold
Start Date,End Date,Count,Threshold
Start Date,End Date,Count,Threshold
Start Date,End Date,Count,Threshold
Start Date,End Date,Count,Threshold
Start Date,End Date,Count,Threshold
Start Date,End Date,Count,Threshold
Start Date,End Date,Count,Threshold
Start Date,End Date,Count,Threshold
Start Date,End Date,Count,Threshold
Start Date,End Date,Count,Threshold
Start Date,End Date,Count,Threshold
Start Date,End Date,Count,Threshold
Start Date,End Date,Count,Threshold
Start Date,End Date,Count,Threshold
Start Date,End Date,Count,Threshold
Start Date,End Date,Count,Threshold
Start Date,End Date,Count,Threshold
Start Date,End Date,Count,Threshold
Start Date,End Date,Count,Threshold
Start Date,End Date,Count,Threshold
Start Date,End Date,Count,Threshold
Start Date,End Date,Count,Threshold
Start Date,End Date,Count,Threshold
Start Date,End Date,Count,Threshold
Start Date,End Date,Count,Threshold
Start Date,End Date,Count,Threshold
Start Date,End Date,Count,Threshold
Start Date,End Date,Count,Threshold
Start Date,End Date,Count,Threshold
Start Date,End Date,Count,Threshold
Start Date,End Date,Count,Threshold
Start Date,End Date,Count,Threshold
Start Date,End Date,Count,Threshold
Start Date,End Date,Count,Threshold
Start Date,End Date,Count,Threshold
Start Date,End Date,Count,Threshold
Start Date,End Date,Count,Threshold
Start Date,End Date,Count,Threshold
Start Date,End Date,Count,Threshold
Start Date,End Date,Count,Threshold
Start Date,End Date,Count,Threshold
Start Date,End Date,Count,Threshold
Start Date,End Date,Count,Threshold
Start Date,End Date,Count,Threshold
Start Date,End Date,Count,Threshold
Start Date,End Date,Count,Threshold
Start Date,End Date,Count,Threshold
Start Date,End Date,Count,Threshold
Start Date,End Date,Count,Threshold
Start Date,End Date,Count,Threshold
Start Date,End Date,Count,Threshold
Start Date,End Date,Count,Threshold
Start Date,End Date,Count,Threshold
Start Date,End Date,Count,Threshold
Start Date,End Date,Count,Threshold
Start Date,End Date,Count,Threshold
Start Date,End Date,Count,Threshold
Start Date,End Date,Count,Threshold
Start Date,End Date,Count,Threshold
Start Date,End Date,Count,Threshold
Start Date,End Date,Count,Threshold
Start Date,End Date,Count,Threshold
Start Date,End Date,Count,Threshold
